website_visits,purchase_frequency,average_spend,app_usage,support_requests,discount_usage
9,1,74.43,12.9,7,2
12,5,45.52,19.7,1,10
10,2,50.66,14.7,4,4
18,3,12.92,15.3,1,9
19,3,45.35,25.7,1,7
21,4,29.05,13.1,0,4
15,13,90.22,32.5,0,3
9,3,75.17,7.6,4,1
27,13,89.08,36.4,0,2
26,7,100.42,36.8,4,2
25,12,127.33,29.9,1,5
35,10,140.55,50.6,0,1
5,3,83.16,7.8,7,2
32,13,101.16,31.2,2,1
5,1,50.51,17.3,8,1
34,10,125.69,53.3,1,0
8,1,48.68,10.2,1,5
3,2,88.7,4.3,7,5
29,17,133.05,49.8,1,6
25,14,167.42,55.8,0,5
17,4,19.2,14.9,3,11
9,1,40.26,12.9,4,3
33,14,148.96,46.5,3,6
13,1,31.81,15.9,3,6
23,3,44.66,11.2,2,8
31,11,128.66,49.7,3,5
16,2,40.88,27.1,2,5
12,2,20.09,10.8,4,3
25,18,139.55,51.3,1,2
9,1,64.46,5.2,7,2
23,15,86.99,34.3,2,2
20,5,32.3,14.7,1,12
11,2,46.95,10.4,2,1
33,11,144.08,33.6,0,1
5,5,26.66,6.8,2,3
22,17,152.68,45.1,1,5
13,1,31.0,19.3,1,5
14,2,26.25,21.5,2,7
15,6,39.88,18.5,5,3
21,7,103.0,44.3,0,0
14,5,32.5,23.8,2,7
36,14,97.76,35.6,0,3
27,9,124.62,42.4,1,1
9,3,62.5,7.4,7,2
31,9,99.48,45.6,1,4
29,21,102.14,40.5,0,5
8,0,41.7,4.4,3,2
24,8,139.68,36.2,0,2
16,4,37.87,16.8,1,14
30,10,127.42,42.8,0,6
34,18,95.63,48.9,2,2
30,12,89.23,47.8,1,1
24,19,125.81,36.5,1,2
21,2,36.14,11.5,4,8
30,10,126.5,72.2,0,0
4,5,37.94,8.7,5,1
25,11,79.81,59.5,0,5
16,3,40.69,28.7,0,11
17,2,50.8,15.1,0,10
6,1,31.64,8.6,6,3
13,3,35.16,19.0,2,9
3,3,31.86,2.7,5,3
16,4,26.56,11.6,2,3
15,3,40.43,23.0,2,9
15,3,48.01,26.3,0,5
19,7,40.09,20.7,3,7
14,4,38.61,15.4,3,7
16,5,47.47,19.5,2,9
14,5,26.15,33.9,1,10
8,3,55.61,11.8,1,3
8,1,74.59,2.3,4,2
11,2,31.82,20.4,1,11
18,2,43.23,12.7,2,9
10,1,44.48,23.8,1,11
14,3,68.42,4.9,6,3
17,2,32.61,23.0,3,9
8,0,29.45,8.3,2,2
25,12,113.87,55.5,0,3
8,1,54.96,8.5,1,4
20,3,43.92,4.1,0,10
11,2,36.65,18.3,1,8
7,1,44.31,12.4,1,4
16,1,33.8,20.4,2,11
26,13,130.32,48.6,1,1
32,15,111.95,44.2,2,4
16,2,12.7,8.2,3,10
19,10,131.85,47.1,0,4
22,15,140.34,48.4,3,5
26,4,136.41,46.7,0,2
10,1,34.78,6.7,6,2
9,3,38.45,9.6,7,3
5,3,41.64,10.2,7,3
10,2,41.27,3.6,4,3
8,2,58.53,5.1,8,4
29,12,166.64,53.6,3,1
16,6,35.96,19.1,1,6
9,1,47.79,9.7,9,3
25,9,126.26,52.1,1,5
6,2,53.51,8.8,5,1
12,1,28.24,24.1,3,7
